{
  "defaultProvider": "cdnjs",
  "libraries": [
    {
      "destination": "wwwroot/lib/font-awesome/dist/",
      "library": "font-awesome@4.7.0"
    },
    {

      "destination": "wwwroot/lib/bootstrap/dist/",
      "library": "bootstrap@5.2.2"

    },
    {
      "destination": "wwwroot/lib/jquery/dist/",
      "library": "jquery@3.6.1"
    },
    {
      "destination": "wwwroot/lib/jquery-ui/dist/",
      "library": "jqueryui@1.13.2"
    },
    {
      "destination": "wwwroot/lib/knockout/dist/",
      "library": "knockout@3.5.1"
    },
    {
      "destination": "wwwroot/lib/font-awesome/dist/",
      "library": "font-awesome@6.2.1"
    }
  ],
  "version": "1.0"
}
